Title_ID,Title,Genre,Release_Year
T0001,Title_1,Comedy,2000
T0002,Title_2,Documentary,2007
T0003,Title_3,Horror,2004
T0004,Title_4,Comedy,2021
T0005,Title_5,Comedy,2018
T0006,Title_6,Sci-Fi,2001
T0007,Title_7,Drama,2002
T0008,Title_8,Horror,2007
T0009,Title_9,Drama,2017
T0010,Title_10,Horror,2022
T0011,Title_11,Sci-Fi,2007
T0012,Title_12,Thriller,2018
T0013,Title_13,Documentary,2000
T0014,Title_14,Action,2022
T0015,Title_15,Sci-Fi,2010
T0016,Title_16,Documentary,2004
T0017,Title_17,Horror,2010
T0018,Title_18,Comedy,2002
T0019,Title_19,Sci-Fi,2003
T0020,Title_20,Romance,2011
T0021,Title_21,Documentary,2001
T0022,Title_22,Thriller,2017
T0023,Title_23,Comedy,2012
T0024,Title_24,Comedy,2017
T0025,Title_25,Documentary,2020
T0026,Title_26,Romance,2018
T0027,Title_27,Horror,2022
T0028,Title_28,Comedy,2001
T0029,Title_29,Horror,2009
T0030,Title_30,Comedy,2007
T0031,Title_31,Comedy,2012
T0032,Title_32,Documentary,2014
T0033,Title_33,Romance,2005
T0034,Title_34,Romance,2011
T0035,Title_35,Horror,2021
T0036,Title_36,Documentary,2022
T0037,Title_37,Comedy,2019
T0038,Title_38,Action,2017
T0039,Title_39,Horror,2005
T0040,Title_40,Thriller,2012
T0041,Title_41,Documentary,2020
T0042,Title_42,Horror,2021
T0043,Title_43,Romance,2001
T0044,Title_44,Horror,2001
T0045,Title_45,Romance,2012
T0046,Title_46,Documentary,2002
T0047,Title_47,Horror,2018
T0048,Title_48,Romance,2006
T0049,Title_49,Thriller,2012
T0050,Title_50,Thriller,2004
T0051,Title_51,Documentary,2004
T0052,Title_52,Horror,2023
T0053,Title_53,Documentary,2023
T0054,Title_54,Sci-Fi,2018
T0055,Title_55,Sci-Fi,2011
T0056,Title_56,Horror,2004
T0057,Title_57,Thriller,2002
T0058,Title_58,Drama,2003
T0059,Title_59,Action,2020
T0060,Title_60,Action,2021
T0061,Title_61,Sci-Fi,2019
T0062,Title_62,Comedy,2012
T0063,Title_63,Sci-Fi,2019
T0064,Title_64,Thriller,2016
T0065,Title_65,Documentary,2017
T0066,Title_66,Drama,2021
T0067,Title_67,Comedy,2021
T0068,Title_68,Documentary,2020
T0069,Title_69,Romance,2003
T0070,Title_70,Documentary,2013
T0071,Title_71,Action,2014
T0072,Title_72,Drama,2023
T0073,Title_73,Documentary,2016
T0074,Title_74,Action,2016
T0075,Title_75,Comedy,2020
T0076,Title_76,Documentary,2020
T0077,Title_77,Horror,2004
T0078,Title_78,Romance,2005
T0079,Title_79,Drama,2019
T0080,Title_80,Romance,2015
T0081,Title_81,Drama,2003
T0082,Title_82,Romance,2009
T0083,Title_83,Horror,2001
T0084,Title_84,Horror,2018
T0085,Title_85,Comedy,2002
T0086,Title_86,Thriller,2002
T0087,Title_87,Action,2004
T0088,Title_88,Thriller,2017
T0089,Title_89,Action,2008
T0090,Title_90,Sci-Fi,2006
T0091,Title_91,Horror,2022
T0092,Title_92,Documentary,2012
T0093,Title_93,Romance,2014
T0094,Title_94,Thriller,2003
T0095,Title_95,Horror,2007
T0096,Title_96,Comedy,2010
T0097,Title_97,Drama,2018
T0098,Title_98,Horror,2018
T0099,Title_99,Horror,2000
T0100,Title_100,Comedy,2022
T0101,Title_101,Drama,2007
T0102,Title_102,Comedy,2001
T0103,Title_103,Romance,2002
T0104,Title_104,Horror,2008
T0105,Title_105,Thriller,2006
T0106,Title_106,Action,2023
T0107,Title_107,Thriller,2007
T0108,Title_108,Thriller,2013
T0109,Title_109,Horror,2003
T0110,Title_110,Comedy,2021
T0111,Title_111,Sci-Fi,2011
T0112,Title_112,Sci-Fi,2013
T0113,Title_113,Thriller,2023
T0114,Title_114,Drama,2021
T0115,Title_115,Comedy,2001
T0116,Title_116,Sci-Fi,2023
T0117,Title_117,Romance,2003
T0118,Title_118,Horror,2006
T0119,Title_119,Horror,2017
T0120,Title_120,Thriller,2004
T0121,Title_121,Sci-Fi,2005
T0122,Title_122,Documentary,2014
T0123,Title_123,Horror,2002
T0124,Title_124,Thriller,2017
T0125,Title_125,Comedy,2001
T0126,Title_126,Drama,2002
T0127,Title_127,Horror,2005
T0128,Title_128,Sci-Fi,2015
T0129,Title_129,Thriller,2006
T0130,Title_130,Sci-Fi,2001
T0131,Title_131,Action,2012
T0132,Title_132,Drama,2012
T0133,Title_133,Documentary,2014
T0134,Title_134,Documentary,2013
T0135,Title_135,Thriller,2004
T0136,Title_136,Horror,2009
T0137,Title_137,Horror,2001
T0138,Title_138,Drama,2023
T0139,Title_139,Romance,2001
T0140,Title_140,Drama,2018
T0141,Title_141,Thriller,2016
T0142,Title_142,Action,2001
T0143,Title_143,Comedy,2005
T0144,Title_144,Comedy,2019
T0145,Title_145,Comedy,2021
T0146,Title_146,Horror,2012
T0147,Title_147,Comedy,2018
T0148,Title_148,Horror,2018
T0149,Title_149,Drama,2019
T0150,Title_150,Comedy,2013
T0151,Title_151,Romance,2008
T0152,Title_152,Horror,2021
T0153,Title_153,Romance,2007
T0154,Title_154,Documentary,2012
T0155,Title_155,Action,2021
T0156,Title_156,Documentary,2014
T0157,Title_157,Romance,2002
T0158,Title_158,Drama,2014
T0159,Title_159,Comedy,2002
T0160,Title_160,Horror,2016
T0161,Title_161,Documentary,2004
T0162,Title_162,Romance,2002
T0163,Title_163,Horror,2011
T0164,Title_164,Documentary,2005
T0165,Title_165,Thriller,2017
T0166,Title_166,Documentary,2019
T0167,Title_167,Drama,2021
T0168,Title_168,Documentary,2021
T0169,Title_169,Comedy,2004
T0170,Title_170,Documentary,2003
T0171,Title_171,Comedy,2023
T0172,Title_172,Action,2008
T0173,Title_173,Documentary,2019
T0174,Title_174,Horror,2022
T0175,Title_175,Romance,2006
T0176,Title_176,Documentary,2016
T0177,Title_177,Thriller,2008
T0178,Title_178,Drama,2002
T0179,Title_179,Sci-Fi,2008
T0180,Title_180,Drama,2000
T0181,Title_181,Romance,2004
T0182,Title_182,Documentary,2005
T0183,Title_183,Thriller,2017
T0184,Title_184,Sci-Fi,2017
T0185,Title_185,Drama,2003
T0186,Title_186,Comedy,2022
T0187,Title_187,Action,2017
T0188,Title_188,Drama,2011
T0189,Title_189,Action,2013
T0190,Title_190,Action,2001
T0191,Title_191,Documentary,2011
T0192,Title_192,Drama,2011
T0193,Title_193,Horror,2021
T0194,Title_194,Horror,2021
T0195,Title_195,Comedy,2011
T0196,Title_196,Sci-Fi,2019
T0197,Title_197,Action,2007
T0198,Title_198,Action,2005
T0199,Title_199,Sci-Fi,2000
T0200,Title_200,Action,2023
